[
    {
        "recommendationid": "208363310",
        "author": {
            "steamid": "76561198412553724",
            "num_games_owned": 0,
            "num_reviews": 2,
            "playtime_forever": 2308,
            "playtime_last_two_weeks": 1730,
            "playtime_at_review": 1611,
            "last_played": 1762578518
        },
        "language": "english",
        "review": "Great game. Give it more support.",
        "timestamp_created": 1762224221,
        "timestamp_updated": 1762224221,
        "voted_up": true,
        "votes_up": 0,
        "votes_funny": 0,
        "weighted_vote_score": 0.5,
        "comment_count": 0,
        "steam_purchase": true,
        "received_for_free": false,
        "written_during_early_access": false,
        "primarily_steam_deck": false
    },
    {
        "recommendationid": "208018480",
        "author": {
            "steamid": "76561199551879104",
            "num_games_owned": 0,
            "num_reviews": 3,
            "playtime_forever": 2571,
            "playtime_last_two_weeks": 2571,
            "playtime_at_review": 318,
            "last_played": 1762201268
        },
        "language": "english",
        "review": "GOOD GAME\n",
        "timestamp_created": 1761884707,
        "timestamp_updated": 1761884707,
        "voted_up": true,
        "votes_up": 0,
        "votes_funny": 0,
        "weighted_vote_score": 0.5,
        "comment_count": 0,
        "steam_purchase": true,
        "received_for_free": false,
        "written_during_early_access": false,
        "primarily_steam_deck": false
    },
    {
        "recommendationid": "201083990",
        "author": {
            "steamid": "76561198315244336",
            "num_games_owned": 0,
            "num_reviews": 1,
            "playtime_forever": 51703,
            "playtime_last_two_weeks": 0,
            "playtime_at_review": 50357,
            "last_played": 1754510271
        },
        "language": "english",
        "review": "My favorite game",
        "timestamp_created": 1753896838,
        "timestamp_updated": 1753896838,
        "voted_up": true,
        "votes_up": 0,
        "votes_funny": 0,
        "weighted_vote_score": 0.5,
        "comment_count": 1,
        "steam_purchase": true,
        "received_for_free": false,
        "written_during_early_access": false,
        "primarily_steam_deck": false
    },
    {
        "recommendationid": "199897534",
        "author": {
            "steamid": "76561198103088852",
            "num_games_owned": 0,
            "num_reviews": 1,
            "playtime_forever": 54303,
            "playtime_last_two_weeks": 4147,
            "playtime_at_review": 4789,
            "last_played": 1762584832
        },
        "language": "english",
        "review": "So far after only a few weeks I feel like I have found a game that continues to challenge me--to engage me and to make me really look forward to game time.   I enjoy the character creation and the ability to really individualize your character---and most especially the really friendly and helpful Once Human community",
        "timestamp_created": 1752622769,
        "timestamp_updated": 1752622769,
        "voted_up": true,
        "votes_up": 0,
        "votes_funny": 0,
        "weighted_vote_score": 0.5,
        "comment_count": 0,
        "steam_purchase": true,
        "received_for_free": false,
        "written_during_early_access": false,
        "primarily_steam_deck": false
    },
    {
        "recommendationid": "199399629",
        "author": {
            "steamid": "76561199229096518",
            "num_games_owned": 0,
            "num_reviews": 9,
            "playtime_forever": 8908,
            "playtime_last_two_weeks": 84,
            "playtime_at_review": 6411,
            "last_played": 1761818882
        },
        "language": "english",
        "review": "I love the open world aspect and the travling and muiltplayer they have. I recommend friends playing as its so much fun when there are others. I love the crafting system they have and enemies bosses even the evemts.",
        "timestamp_created": 1752093879,
        "timestamp_updated": 1752093879,
        "voted_up": true,
        "votes_up": 1,
        "votes_funny": 0,
        "weighted_vote_score": "0.523809552192687988",
        "comment_count": 0,
        "steam_purchase": true,
        "received_for_free": false,
        "written_during_early_access": false,
        "primarily_steam_deck": false
    },
    {
        "recommendationid": "199250215",
        "author": {
            "steamid": "76561199653046135",
            "num_games_owned": 0,
            "num_reviews": 1,
            "playtime_forever": 13491,
            "playtime_last_two_weeks": 0,
            "playtime_at_review": 12949,
            "last_played": 1753243014
        },
        "language": "english",
        "review": "\nGreat Free to play Games. Developers listen to their audience and that's what makes game strive! Once human will only get better each and every update! love this game ! FULLY RECOMMENDED!",
        "timestamp_created": 1751939887,
        "timestamp_updated": 1751939887,
        "voted_up": true,
        "votes_up": 0,
        "votes_funny": 0,
        "weighted_vote_score": 0.5,
        "comment_count": 0,
        "steam_purchase": true,
        "received_for_free": false,
        "written_during_early_access": false,
        "primarily_steam_deck": false
    },
    {
        "recommendationid": "199128266",
        "author": {
            "steamid": "76561199193171666",
            "num_games_owned": 0,
            "num_reviews": 2,
            "playtime_forever": 29725,
            "playtime_last_two_weeks": 2931,
            "playtime_at_review": 25072,
            "last_played": 1762223333
        },
        "language": "english",
        "review": "For a free game its very well made, definitely not pay to win. im not to sure about the reset every 6 week but il soon find out. i know you do keep most things but your level drop back to zero. i do recommend it and it goes to xbox and playstation early next year 2026 which is going to increase the volume a lot...",
        "timestamp_created": 1751822285,
        "timestamp_updated": 1760636325,
        "voted_up": true,
        "votes_up": 0,
        "votes_funny": 0,
        "weighted_vote_score": 0.5,
        "comment_count": 0,
        "steam_purchase": true,
        "received_for_free": false,
        "written_during_early_access": false,
        "primarily_steam_deck": false
    },
    {
        "recommendationid": "198985521",
        "author": {
            "steamid": "76561199040357988",
            "num_games_owned": 0,
            "num_reviews": 5,
            "playtime_forever": 8521,
            "playtime_last_two_weeks": 0,
            "playtime_at_review": 6787,
            "last_played": 1752816436
        },
        "language": "english",
        "review": "estoy enamorado del juego totalmente recomendado...",
        "timestamp_created": 1751689110,
        "timestamp_updated": 1751689110,
        "voted_up": true,
        "votes_up": 0,
        "votes_funny": 0,
        "weighted_vote_score": 0.5,
        "comment_count": 0,
        "steam_purchase": true,
        "received_for_free": false,
        "written_during_early_access": false,
        "primarily_steam_deck": false
    },
    {
        "recommendationid": "198966849",
        "author": {
            "steamid": "76561198032459474",
            "num_games_owned": 0,
            "num_reviews": 5,
            "playtime_forever": 42988,
            "playtime_last_two_weeks": 92,
            "playtime_at_review": 16775,
            "last_played": 1761766884
        },
        "language": "english",
        "review": "I enjoy it, there are bugs, but tell me one game where there is no bugs LoooL",
        "timestamp_created": 1751668128,
        "timestamp_updated": 1751668128,
        "voted_up": true,
        "votes_up": 0,
        "votes_funny": 0,
        "weighted_vote_score": 0.5,
        "comment_count": 0,
        "steam_purchase": true,
        "received_for_free": false,
        "written_during_early_access": false,
        "primarily_steam_deck": false
    },
    {
        "recommendationid": "198795323",
        "author": {
            "steamid": "76561199844221208",
            "num_games_owned": 0,
            "num_reviews": 1,
            "playtime_forever": 138284,
            "playtime_last_two_weeks": 477,
            "playtime_at_review": 55265,
            "last_played": 1762471928
        },
        "language": "english",
        "review": "Absolutely love this game, if your looking for a fun survival game to play with friends and meet people this is it !!!",
        "timestamp_created": 1751512891,
        "timestamp_updated": 1751512891,
        "voted_up": true,
        "votes_up": 0,
        "votes_funny": 0,
        "weighted_vote_score": 0.5,
        "comment_count": 0,
        "steam_purchase": true,
        "received_for_free": false,
        "written_during_early_access": false,
        "primarily_steam_deck": false
    },
    {
        "recommendationid": "198794138",
        "author": {
            "steamid": "76561198126119303",
            "num_games_owned": 0,
            "num_reviews": 1,
            "playtime_forever": 24428,
            "playtime_last_two_weeks": 0,
            "playtime_at_review": 15536,
            "last_played": 1754032306
        },
        "language": "english",
        "review": "I would have to say that it is a very fun game with amazing sights. There is so much to do and the many different scenarios makes everything worth doing. I can not recommend this game enough to others with how much fun I have been having!",
        "timestamp_created": 1751511654,
        "timestamp_updated": 1751511654,
        "voted_up": true,
        "votes_up": 1,
        "votes_funny": 0,
        "weighted_vote_score": "0.523809552192687988",
        "comment_count": 0,
        "steam_purchase": true,
        "received_for_free": false,
        "written_during_early_access": false,
        "primarily_steam_deck": false
    },
    {
        "recommendationid": "194602354",
        "author": {
            "steamid": "76561198023803775",
            "num_games_owned": 0,
            "num_reviews": 4,
            "playtime_forever": 3430,
            "playtime_last_two_weeks": 0,
            "playtime_at_review": 3430,
            "last_played": 1746796685
        },
        "language": "english",
        "review": "okay",
        "timestamp_created": 1746878776,
        "timestamp_updated": 1746878776,
        "voted_up": true,
        "votes_up": 0,
        "votes_funny": 0,
        "weighted_vote_score": 0.5,
        "comment_count": 0,
        "steam_purchase": true,
        "received_for_free": false,
        "written_during_early_access": false,
        "primarily_steam_deck": false
    },
    {
        "recommendationid": "193098517",
        "author": {
            "steamid": "76561199572191999",
            "num_games_owned": 59,
            "num_reviews": 4,
            "playtime_forever": 7278,
            "playtime_last_two_weeks": 0,
            "playtime_at_review": 1580,
            "last_played": 1749919158
        },
        "language": "english",
        "review": "very fun game",
        "timestamp_created": 1745067012,
        "timestamp_updated": 1745067012,
        "voted_up": true,
        "votes_up": 0,
        "votes_funny": 1,
        "weighted_vote_score": 0.5,
        "comment_count": 0,
        "steam_purchase": true,
        "received_for_free": false,
        "written_during_early_access": false,
        "primarily_steam_deck": false
    },
    {
        "recommendationid": "191956744",
        "author": {
            "steamid": "76561199804595730",
            "num_games_owned": 19,
            "num_reviews": 3,
            "playtime_forever": 982,
            "playtime_last_two_weeks": 0,
            "playtime_at_review": 726,
            "last_played": 1748496291
        },
        "language": "english",
        "review": "fun",
        "timestamp_created": 1743772476,
        "timestamp_updated": 1743772476,
        "voted_up": true,
        "votes_up": 0,
        "votes_funny": 0,
        "weighted_vote_score": 0.5,
        "comment_count": 0,
        "steam_purchase": true,
        "received_for_free": false,
        "written_during_early_access": false,
        "primarily_steam_deck": false
    },
    {
        "recommendationid": "191335280",
        "author": {
            "steamid": "76561198036179155",
            "num_games_owned": 0,
            "num_reviews": 45,
            "playtime_forever": 6327,
            "playtime_last_two_weeks": 0,
            "playtime_at_review": 584,
            "last_played": 1744788665
        },
        "language": "english",
        "review": "Interesting game, though the starting missions need more work as they don't do a very good job of explaining what you need to know.",
        "timestamp_created": 1743114806,
        "timestamp_updated": 1743114806,
        "voted_up": true,
        "votes_up": 0,
        "votes_funny": 0,
        "weighted_vote_score": 0.5,
        "comment_count": 0,
        "steam_purchase": true,
        "received_for_free": false,
        "written_during_early_access": false,
        "primarily_steam_deck": false
    },
    {
        "recommendationid": "191171397",
        "author": {
            "steamid": "76561199473045577",
            "num_games_owned": 0,
            "num_reviews": 1,
            "playtime_forever": 64094,
            "playtime_last_two_weeks": 254,
            "playtime_at_review": 11329,
            "last_played": 1761678962
        },
        "language": "english",
        "review": "love this game but takes too much time loading and teleporting but well worth the wait",
        "timestamp_created": 1742928933,
        "timestamp_updated": 1742928933,
        "voted_up": true,
        "votes_up": 0,
        "votes_funny": 0,
        "weighted_vote_score": 0.5,
        "comment_count": 0,
        "steam_purchase": true,
        "received_for_free": false,
        "written_during_early_access": false,
        "primarily_steam_deck": false
    },
    {
        "recommendationid": "190448535",
        "author": {
            "steamid": "76561198041474975",
            "num_games_owned": 19,
            "num_reviews": 12,
            "playtime_forever": 84205,
            "playtime_last_two_weeks": 491,
            "playtime_at_review": 20907,
            "last_played": 1762432453
        },
        "language": "english",
        "review": "Love it, it needs more players becouse the game is kinda empty but , the game is really great....the gen z is the problem why great games don't make it. Believe me, this game is worth it , is an amazeing game.!!",
        "timestamp_created": 1742211831,
        "timestamp_updated": 1742211831,
        "voted_up": true,
        "votes_up": 10,
        "votes_funny": 5,
        "weighted_vote_score": "0.471111953258514404",
        "comment_count": 0,
        "steam_purchase": true,
        "received_for_free": false,
        "written_during_early_access": false,
        "primarily_steam_deck": false
    },
    {
        "recommendationid": "190295545",
        "author": {
            "steamid": "76561199217707717",
            "num_games_owned": 0,
            "num_reviews": 3,
            "playtime_forever": 1234,
            "playtime_last_two_weeks": 0,
            "playtime_at_review": 879,
            "last_played": 1744750191
        },
        "language": "english",
        "review": "Don't know what I am doing but it fun",
        "timestamp_created": 1742071060,
        "timestamp_updated": 1742071060,
        "voted_up": true,
        "votes_up": 0,
        "votes_funny": 1,
        "weighted_vote_score": 0.5,
        "comment_count": 0,
        "steam_purchase": true,
        "received_for_free": false,
        "written_during_early_access": false,
        "primarily_steam_deck": false
    },
    {
        "recommendationid": "189994618",
        "author": {
            "steamid": "76561198038394829",
            "num_games_owned": 0,
            "num_reviews": 7,
            "playtime_forever": 16972,
            "playtime_last_two_weeks": 0,
            "playtime_at_review": 12754,
            "last_played": 1751219376
        },
        "language": "english",
        "review": "fun game",
        "timestamp_created": 1741751081,
        "timestamp_updated": 1741751081,
        "voted_up": true,
        "votes_up": 0,
        "votes_funny": 0,
        "weighted_vote_score": 0.5,
        "comment_count": 0,
        "steam_purchase": true,
        "received_for_free": false,
        "written_during_early_access": false,
        "primarily_steam_deck": false
    },
    {
        "recommendationid": "186332700",
        "author": {
            "steamid": "76561198272974732",
            "num_games_owned": 146,
            "num_reviews": 19,
            "playtime_forever": 15855,
            "playtime_last_two_weeks": 0,
            "playtime_at_review": 1808,
            "last_played": 1741564119
        },
        "language": "english",
        "review": "Its a fun game especially with friends",
        "timestamp_created": 1737763227,
        "timestamp_updated": 1737763227,
        "voted_up": true,
        "votes_up": 0,
        "votes_funny": 0,
        "weighted_vote_score": 0.5,
        "comment_count": 0,
        "steam_purchase": true,
        "received_for_free": false,
        "written_during_early_access": false,
        "primarily_steam_deck": false
    },
    {
        "recommendationid": "184642395",
        "author": {
            "steamid": "76561198970649603",
            "num_games_owned": 66,
            "num_reviews": 15,
            "playtime_forever": 12396,
            "playtime_last_two_weeks": 0,
            "playtime_at_review": 529,
            "last_played": 1752738653
        },
        "language": "english",
        "review": "ok game buggy but what game not",
        "timestamp_created": 1735913927,
        "timestamp_updated": 1735913927,
        "voted_up": true,
        "votes_up": 0,
        "votes_funny": 1,
        "weighted_vote_score": "0.454545468091964722",
        "comment_count": 0,
        "steam_purchase": true,
        "received_for_free": false,
        "written_during_early_access": false,
        "primarily_steam_deck": false
    }
]