[
    {
        "recommendationid": "208782155",
        "author": {
            "steamid": "76561198018808392",
            "num_games_owned": 0,
            "num_reviews": 42,
            "playtime_forever": 57,
            "playtime_last_two_weeks": 57,
            "playtime_at_review": 57,
            "last_played": 1762671362
        },
        "language": "english",
        "review": "game makes no sense at all, like how ya supposed to feed these goblins when all they want are plates and SH*T like that and you can't even finna give them a plate and they flip they lid when they get bread bruh. \n\nTHIS GAME CAP AF DO NOT BUY BRUHS",
        "timestamp_created": 1762671443,
        "timestamp_updated": 1762671443,
        "voted_up": false,
        "votes_up": 0,
        "votes_funny": 0,
        "weighted_vote_score": "0.46875",
        "comment_count": 0,
        "steam_purchase": true,
        "received_for_free": false,
        "written_during_early_access": false,
        "primarily_steam_deck": false
    },
    {
        "recommendationid": "208781430",
        "author": {
            "steamid": "76561198155709753",
            "num_games_owned": 0,
            "num_reviews": 15,
            "playtime_forever": 607,
            "playtime_last_two_weeks": 607,
            "playtime_at_review": 602,
            "last_played": 1762671184
        },
        "language": "english",
        "review": "Rat cooks. Me happy",
        "timestamp_created": 1762670491,
        "timestamp_updated": 1762670491,
        "voted_up": true,
        "votes_up": 0,
        "votes_funny": 0,
        "weighted_vote_score": 0.5,
        "comment_count": 0,
        "steam_purchase": true,
        "received_for_free": false,
        "written_during_early_access": false,
        "primarily_steam_deck": false
    },
    {
        "recommendationid": "208780670",
        "author": {
            "steamid": "76561198248661082",
            "num_games_owned": 0,
            "num_reviews": 81,
            "playtime_forever": 249,
            "playtime_last_two_weeks": 249,
            "playtime_at_review": 249,
            "last_played": 1762669483
        },
        "language": "english",
        "review": "They cooked with this game, fun with friends",
        "timestamp_created": 1762669501,
        "timestamp_updated": 1762669501,
        "voted_up": true,
        "votes_up": 0,
        "votes_funny": 0,
        "weighted_vote_score": 0.5,
        "comment_count": 0,
        "steam_purchase": true,
        "received_for_free": false,
        "written_during_early_access": false,
        "primarily_steam_deck": false
    },
    {
        "recommendationid": "208779799",
        "author": {
            "steamid": "76561199887187628",
            "num_games_owned": 0,
            "num_reviews": 1,
            "playtime_forever": 482,
            "playtime_last_two_weeks": 482,
            "playtime_at_review": 403,
            "last_played": 1762674715
        },
        "language": "english",
        "review": "Takes to long to get to get the new areas",
        "timestamp_created": 1762668345,
        "timestamp_updated": 1762668345,
        "voted_up": true,
        "votes_up": 0,
        "votes_funny": 0,
        "weighted_vote_score": 0.5,
        "comment_count": 0,
        "steam_purchase": true,
        "received_for_free": false,
        "written_during_early_access": false,
        "primarily_steam_deck": false
    },
    {
        "recommendationid": "208777626",
        "author": {
            "steamid": "76561199096291920",
            "num_games_owned": 0,
            "num_reviews": 46,
            "playtime_forever": 236,
            "playtime_last_two_weeks": 236,
            "playtime_at_review": 236,
            "last_played": 1762665483
        },
        "language": "english",
        "review": "she rat on my touille till i remy",
        "timestamp_created": 1762665630,
        "timestamp_updated": 1762665630,
        "voted_up": true,
        "votes_up": 1,
        "votes_funny": 1,
        "weighted_vote_score": "0.52173912525177002",
        "comment_count": 0,
        "steam_purchase": true,
        "received_for_free": false,
        "written_during_early_access": false,
        "primarily_steam_deck": false
    },
    {
        "recommendationid": "208776063",
        "author": {
            "steamid": "76561198883364032",
            "num_games_owned": 0,
            "num_reviews": 2,
            "playtime_forever": 203,
            "playtime_last_two_weeks": 203,
            "playtime_at_review": 203,
            "last_played": 1762663139
        },
        "language": "english",
        "review": "One of my teammates gambled (and lost) our entire bank on a single blackjack hand mid dinner rush while the other teammate served pies to a skeleton king. You can guess who got whacked with the breadstick....\n\nOverall, WAYYY more fun than we expected. Tons of cosmetics already in game. A little buggy but nothing game breaking. We'll be adding this to the friendslop rotation.",
        "timestamp_created": 1762663654,
        "timestamp_updated": 1762663699,
        "voted_up": true,
        "votes_up": 0,
        "votes_funny": 0,
        "weighted_vote_score": 0.5,
        "comment_count": 0,
        "steam_purchase": true,
        "received_for_free": false,
        "written_during_early_access": false,
        "primarily_steam_deck": false
    },
    {
        "recommendationid": "208773850",
        "author": {
            "steamid": "76561198282988072",
            "num_games_owned": 260,
            "num_reviews": 23,
            "playtime_forever": 48,
            "playtime_last_two_weeks": 48,
            "playtime_at_review": 48,
            "last_played": 1762582493
        },
        "language": "english",
        "review": "bro this shit just isnt good, movement is stiff and slow and clunky, cooking just takes forever and recipes get too big too fast, me and my homies played, and we all just had to refund it, it gave a good laugh, but gameplay wise, its not it.*UPDATE* forgot to add, the main gripe was it also being 15 dollars, if it was like 5 dollars, right now itd be more worth it.",
        "timestamp_created": 1762661112,
        "timestamp_updated": 1762661219,
        "voted_up": false,
        "votes_up": 1,
        "votes_funny": 0,
        "weighted_vote_score": "0.471204161643981934",
        "comment_count": 0,
        "steam_purchase": true,
        "received_for_free": false,
        "written_during_early_access": false,
        "primarily_steam_deck": false
    },
    {
        "recommendationid": "208773668",
        "author": {
            "steamid": "76561199864013038",
            "num_games_owned": 0,
            "num_reviews": 1,
            "playtime_forever": 619,
            "playtime_last_two_weeks": 619,
            "playtime_at_review": 363,
            "last_played": 1762674784
        },
        "language": "english",
        "review": "we love ratting",
        "timestamp_created": 1762660904,
        "timestamp_updated": 1762660904,
        "voted_up": true,
        "votes_up": 0,
        "votes_funny": 0,
        "weighted_vote_score": 0.5,
        "comment_count": 0,
        "steam_purchase": true,
        "received_for_free": false,
        "written_during_early_access": false,
        "primarily_steam_deck": false
    },
    {
        "recommendationid": "208773518",
        "author": {
            "steamid": "76561199662751658",
            "num_games_owned": 0,
            "num_reviews": 4,
            "playtime_forever": 393,
            "playtime_last_two_weeks": 393,
            "playtime_at_review": 332,
            "last_played": 1762675365
        },
        "language": "english",
        "review": "after playing roughly 5 hours with a buddy i can say im addicted. I thought we had played like 2 hours and all of a sudden it was 3:30 am and I knew the next day was going to suck already so I did the logical thing. I went on and played one last shift because I was already going to have a rough day. A lot of people keep saying its slow but i see they have only played like 30 minutes to one hour. get some more recipes. im playing career now but i am interested in trying the friendslop mode. The developers cooked here, or maybe the rat under their hats did. On that point I will share the fact that we named our restaurant \"Gustea's\".",
        "timestamp_created": 1762660736,
        "timestamp_updated": 1762660736,
        "voted_up": true,
        "votes_up": 0,
        "votes_funny": 0,
        "weighted_vote_score": 0.5,
        "comment_count": 0,
        "steam_purchase": true,
        "received_for_free": false,
        "written_during_early_access": false,
        "primarily_steam_deck": false
    },
    {
        "recommendationid": "208773247",
        "author": {
            "steamid": "76561198170372851",
            "num_games_owned": 0,
            "num_reviews": 6,
            "playtime_forever": 264,
            "playtime_last_two_weeks": 264,
            "playtime_at_review": 264,
            "last_played": 1762641128
        },
        "language": "english",
        "review": "Bob Levy",
        "timestamp_created": 1762660409,
        "timestamp_updated": 1762660409,
        "voted_up": true,
        "votes_up": 0,
        "votes_funny": 0,
        "weighted_vote_score": 0.5,
        "comment_count": 0,
        "steam_purchase": true,
        "received_for_free": false,
        "written_during_early_access": false,
        "primarily_steam_deck": false
    },
    {
        "recommendationid": "208772932",
        "author": {
            "steamid": "76561198093255430",
            "num_games_owned": 230,
            "num_reviews": 8,
            "playtime_forever": 73,
            "playtime_last_two_weeks": 73,
            "playtime_at_review": 57,
            "last_played": 1762674329
        },
        "language": "english",
        "review": "NEEDS MORE GAMBLING! (great game)",
        "timestamp_created": 1762660054,
        "timestamp_updated": 1762660054,
        "voted_up": true,
        "votes_up": 0,
        "votes_funny": 0,
        "weighted_vote_score": 0.5,
        "comment_count": 0,
        "steam_purchase": true,
        "received_for_free": false,
        "written_during_early_access": false,
        "primarily_steam_deck": false
    },
    {
        "recommendationid": "208770353",
        "author": {
            "steamid": "76561199092671283",
            "num_games_owned": 0,
            "num_reviews": 1,
            "playtime_forever": 794,
            "playtime_last_two_weeks": 794,
            "playtime_at_review": 771,
            "last_played": 1762658446
        },
        "language": "english",
        "review": "Great purchase, this game is a ton of fun with challenge. I played on challenge and the pace of play is a perfect high tense relaxing tempo. I love that the moment you start to feel comfortable with the game, but the game hits you with an event that creates at least seven skeleton customers to overwhelm you. \nI currently have 12 hours on this game and I had 26.7 on the Playtest. \n\nThe creators of this game had fast turnaround times for documented complaints in the Playtest, and even some fun changes they kept to LAUNCH yourself or a friend. I'd recommend this game to anyone who wants a family friendly relaxing game.\n\nLearning curve is fairly easy, games difficulty levels makes it playable for brand new to experienced players.\n\nFor Restaurats Team:  Anti-bet hammer saved me from my friends, Thank you! I only need one restaurant. I love the details on the delivery troll. The voice line addition was great. Would love more customizable kitchen items, I.E. four stocks of storage, I had it in Playtest, but now i am just waiting for it to be an option. Keep up the great work",
        "timestamp_created": 1762656957,
        "timestamp_updated": 1762656957,
        "voted_up": true,
        "votes_up": 0,
        "votes_funny": 0,
        "weighted_vote_score": 0.5,
        "comment_count": 0,
        "steam_purchase": true,
        "received_for_free": false,
        "written_during_early_access": false,
        "primarily_steam_deck": false
    },
    {
        "recommendationid": "208769592",
        "author": {
            "steamid": "76561198881663913",
            "num_games_owned": 0,
            "num_reviews": 4,
            "playtime_forever": 454,
            "playtime_last_two_weeks": 454,
            "playtime_at_review": 363,
            "last_played": 1762674577
        },
        "language": "english",
        "review": "Amazing game, you got hella stuff to do, design and organization fun, cooking and recipes, fun events that can spawn out of nowhere. good progression in getting more space and rooms to expand the rat den. Wish you could explore outside the restaurant.\n\n",
        "timestamp_created": 1762656146,
        "timestamp_updated": 1762669312,
        "voted_up": true,
        "votes_up": 0,
        "votes_funny": 0,
        "weighted_vote_score": 0.5,
        "comment_count": 0,
        "steam_purchase": true,
        "received_for_free": false,
        "written_during_early_access": false,
        "primarily_steam_deck": false
    },
    {
        "recommendationid": "208768990",
        "author": {
            "steamid": "76561197979751895",
            "num_games_owned": 3169,
            "num_reviews": 76,
            "playtime_forever": 122,
            "playtime_last_two_weeks": 122,
            "playtime_at_review": 122,
            "last_played": 1762655333
        },
        "language": "english",
        "review": "Of all the coop cooking games out there, this one is delivering and is *poised* to deliver some really great experiences. Stellar concept execution with great music, atmosphere, accessibility, you name it. Consider it for sure!",
        "timestamp_created": 1762655463,
        "timestamp_updated": 1762655463,
        "voted_up": true,
        "votes_up": 0,
        "votes_funny": 0,
        "weighted_vote_score": 0.5,
        "comment_count": 0,
        "steam_purchase": true,
        "received_for_free": false,
        "written_during_early_access": false,
        "primarily_steam_deck": false
    },
    {
        "recommendationid": "208768401",
        "author": {
            "steamid": "76561198313983045",
            "num_games_owned": 71,
            "num_reviews": 9,
            "playtime_forever": 272,
            "playtime_last_two_weeks": 272,
            "playtime_at_review": 272,
            "last_played": 1762654723
        },
        "language": "english",
        "review": "EXCELLENT GAME! AMAZING EXECUTION. ADDICTIVE AND VERY GOOD. FINALLY A FUN GAME WITH FRIENDS WITH NO STUPID RESTRICTION. EXCELLENT WORK TO THE DEVS",
        "timestamp_created": 1762654811,
        "timestamp_updated": 1762654811,
        "voted_up": true,
        "votes_up": 0,
        "votes_funny": 0,
        "weighted_vote_score": 0.5,
        "comment_count": 0,
        "steam_purchase": true,
        "received_for_free": false,
        "written_during_early_access": false,
        "primarily_steam_deck": false
    },
    {
        "recommendationid": "208765708",
        "author": {
            "steamid": "76561198034244435",
            "num_games_owned": 0,
            "num_reviews": 2,
            "playtime_forever": 673,
            "playtime_last_two_weeks": 673,
            "playtime_at_review": 414,
            "last_played": 1762665925
        },
        "language": "english",
        "review": "Really fun game, smooth movements and intuitive design. Probably best to play with 3+ people.",
        "timestamp_created": 1762651637,
        "timestamp_updated": 1762651637,
        "voted_up": true,
        "votes_up": 0,
        "votes_funny": 0,
        "weighted_vote_score": 0.5,
        "comment_count": 0,
        "steam_purchase": true,
        "received_for_free": false,
        "written_during_early_access": false,
        "primarily_steam_deck": false
    },
    {
        "recommendationid": "208760802",
        "author": {
            "steamid": "76561198084707931",
            "num_games_owned": 0,
            "num_reviews": 4,
            "playtime_forever": 325,
            "playtime_last_two_weeks": 325,
            "playtime_at_review": 325,
            "last_played": 1762646305
        },
        "language": "english",
        "review": "The best cooking coop ever! I love it",
        "timestamp_created": 1762646431,
        "timestamp_updated": 1762646431,
        "voted_up": true,
        "votes_up": 0,
        "votes_funny": 0,
        "weighted_vote_score": 0.5,
        "comment_count": 0,
        "steam_purchase": true,
        "received_for_free": false,
        "written_during_early_access": false,
        "primarily_steam_deck": false
    },
    {
        "recommendationid": "208757810",
        "author": {
            "steamid": "76561199095516109",
            "num_games_owned": 0,
            "num_reviews": 1,
            "playtime_forever": 100,
            "playtime_last_two_weeks": 100,
            "playtime_at_review": 100,
            "last_played": 1762641708
        },
        "language": "english",
        "review": "not very good to play with friends, had a lot of bugs and super slow after some time",
        "timestamp_created": 1762643477,
        "timestamp_updated": 1762643477,
        "voted_up": false,
        "votes_up": 2,
        "votes_funny": 0,
        "weighted_vote_score": "0.441585183143615723",
        "comment_count": 0,
        "steam_purchase": true,
        "received_for_free": false,
        "written_during_early_access": false,
        "primarily_steam_deck": false
    },
    {
        "recommendationid": "208757646",
        "author": {
            "steamid": "76561199093591817",
            "num_games_owned": 0,
            "num_reviews": 6,
            "playtime_forever": 807,
            "playtime_last_two_weeks": 807,
            "playtime_at_review": 608,
            "last_played": 1762659777
        },
        "language": "english",
        "review": "Obsessed, must play with friends",
        "timestamp_created": 1762643309,
        "timestamp_updated": 1762643309,
        "voted_up": true,
        "votes_up": 0,
        "votes_funny": 0,
        "weighted_vote_score": 0.5,
        "comment_count": 0,
        "steam_purchase": true,
        "received_for_free": false,
        "written_during_early_access": false,
        "primarily_steam_deck": false
    },
    {
        "recommendationid": "208756509",
        "author": {
            "steamid": "76561198164033717",
            "num_games_owned": 0,
            "num_reviews": 2,
            "playtime_forever": 112,
            "playtime_last_two_weeks": 112,
            "playtime_at_review": 60,
            "last_played": 1762644043
        },
        "language": "english",
        "review": "There isn't public matchmaking?",
        "timestamp_created": 1762642170,
        "timestamp_updated": 1762642170,
        "voted_up": true,
        "votes_up": 0,
        "votes_funny": 0,
        "weighted_vote_score": 0.5,
        "comment_count": 0,
        "steam_purchase": true,
        "received_for_free": false,
        "written_during_early_access": false,
        "primarily_steam_deck": false
    },
    {
        "recommendationid": "208755609",
        "author": {
            "steamid": "76561198279014039",
            "num_games_owned": 0,
            "num_reviews": 26,
            "playtime_forever": 188,
            "playtime_last_two_weeks": 188,
            "playtime_at_review": 64,
            "last_played": 1762658298
        },
        "language": "english",
        "review": "Incredible. So fun playing with friends except for the fact I get beat with a baguette every couple of seconds. The upgrading of the kitchen is super fun and theres multiple different roles you can play as in the same playthrough, whether youre doing lobby service or kitchen stuff. Overall super fun and bravo to the developers for this masterpiece!",
        "timestamp_created": 1762641234,
        "timestamp_updated": 1762641234,
        "voted_up": true,
        "votes_up": 0,
        "votes_funny": 1,
        "weighted_vote_score": 0.5,
        "comment_count": 0,
        "steam_purchase": true,
        "received_for_free": false,
        "written_during_early_access": false,
        "primarily_steam_deck": false
    },
    {
        "recommendationid": "208752250",
        "author": {
            "steamid": "76561198045177406",
            "num_games_owned": 105,
            "num_reviews": 2,
            "playtime_forever": 687,
            "playtime_last_two_weeks": 687,
            "playtime_at_review": 366,
            "last_played": 1762663804
        },
        "language": "english",
        "review": "This is a fantastic game! My favorite part about this game is the customization of the restaurant and the ability to optimize things as you see fit. Not only is it polished, but its rare we get to see a game that feels complete on release anymore. Keep it up devs, dont sell out, and add more content, youve got a banger here!",
        "timestamp_created": 1762638214,
        "timestamp_updated": 1762638214,
        "voted_up": true,
        "votes_up": 1,
        "votes_funny": 0,
        "weighted_vote_score": "0.523809552192687988",
        "comment_count": 0,
        "steam_purchase": true,
        "received_for_free": false,
        "written_during_early_access": false,
        "primarily_steam_deck": false
    },
    {
        "recommendationid": "208750888",
        "author": {
            "steamid": "76561198387531251",
            "num_games_owned": 0,
            "num_reviews": 20,
            "playtime_forever": 753,
            "playtime_last_two_weeks": 753,
            "playtime_at_review": 402,
            "last_played": 1762663903
        },
        "language": "english",
        "review": "This is so much fun with friends! The voices in game are the funniest things ever! Do not delay and buy this today, you will not regret it!",
        "timestamp_created": 1762637075,
        "timestamp_updated": 1762637075,
        "voted_up": true,
        "votes_up": 0,
        "votes_funny": 0,
        "weighted_vote_score": 0.5,
        "comment_count": 0,
        "steam_purchase": true,
        "received_for_free": false,
        "written_during_early_access": false,
        "primarily_steam_deck": false
    },
    {
        "recommendationid": "208750799",
        "author": {
            "steamid": "76561198060143985",
            "num_games_owned": 269,
            "num_reviews": 8,
            "playtime_forever": 375,
            "playtime_last_two_weeks": 375,
            "playtime_at_review": 282,
            "last_played": 1762650063
        },
        "language": "english",
        "review": "I did not expect to have this much fun. Worth every cent",
        "timestamp_created": 1762636974,
        "timestamp_updated": 1762636974,
        "voted_up": true,
        "votes_up": 0,
        "votes_funny": 0,
        "weighted_vote_score": 0.5,
        "comment_count": 0,
        "steam_purchase": true,
        "received_for_free": false,
        "written_during_early_access": false,
        "primarily_steam_deck": false
    },
    {
        "recommendationid": "208750570",
        "author": {
            "steamid": "76561198120385096",
            "num_games_owned": 113,
            "num_reviews": 38,
            "playtime_forever": 7,
            "playtime_last_two_weeks": 7,
            "playtime_at_review": 7,
            "last_played": 1762636494
        },
        "language": "english",
        "review": "Looked kinda cool but it so janky especially on controller menus are super hard to navigate. Pressing b doesn't go back 1 option it just closes a triple nested menu setting and sends you all the way back into the game? Controller support aside even on mouse+keyboard the menus are all over the place, you won't see a menu in the same format/location twice. Its also way harder to run than it should be, 5070 gpu pulls 130fps on dlss quality. 100% gpu bottleneck on this game is insane. It should be able to run on a 2gb 1050 with the graphics it has. I know I don't need 130fps to play this game but people on lower specs beware.",
        "timestamp_created": 1762636765,
        "timestamp_updated": 1762636954,
        "voted_up": false,
        "votes_up": 2,
        "votes_funny": 0,
        "weighted_vote_score": "0.44781145453453064",
        "comment_count": 0,
        "steam_purchase": true,
        "received_for_free": false,
        "written_during_early_access": false,
        "primarily_steam_deck": false
    },
    {
        "recommendationid": "208750562",
        "author": {
            "steamid": "76561198070617205",
            "num_games_owned": 0,
            "num_reviews": 4,
            "playtime_forever": 497,
            "playtime_last_two_weeks": 497,
            "playtime_at_review": 243,
            "last_played": 1762651851
        },
        "language": "english",
        "review": "Cigarette needs smoke particles",
        "timestamp_created": 1762636761,
        "timestamp_updated": 1762636761,
        "voted_up": true,
        "votes_up": 0,
        "votes_funny": 0,
        "weighted_vote_score": 0.5,
        "comment_count": 0,
        "steam_purchase": true,
        "received_for_free": false,
        "written_during_early_access": false,
        "primarily_steam_deck": false
    },
    {
        "recommendationid": "208750203",
        "author": {
            "steamid": "76561198121656313",
            "num_games_owned": 0,
            "num_reviews": 3,
            "playtime_forever": 1053,
            "playtime_last_two_weeks": 1053,
            "playtime_at_review": 745,
            "last_played": 1762668759
        },
        "language": "english",
        "review": "This game is AMAZING and it's clear the devs care about the play experience as they are super on top of everything - making updates as quickly as possible and reading all the comments.\n\nHonestly, my favorite game so far this year - the depth of the recipes is soooo satisfying!",
        "timestamp_created": 1762636442,
        "timestamp_updated": 1762636442,
        "voted_up": true,
        "votes_up": 0,
        "votes_funny": 0,
        "weighted_vote_score": 0.5,
        "comment_count": 0,
        "steam_purchase": true,
        "received_for_free": false,
        "written_during_early_access": false,
        "primarily_steam_deck": false
    },
    {
        "recommendationid": "208749615",
        "author": {
            "steamid": "76561198429797337",
            "num_games_owned": 137,
            "num_reviews": 7,
            "playtime_forever": 453,
            "playtime_last_two_weeks": 453,
            "playtime_at_review": 436,
            "last_played": 1762637070
        },
        "language": "english",
        "review": "Honestly for something so silly and simple looking this is one hell of a fun game! The gambling is so cool but most importantly the kitchen and dining area although somewhat limited still leave you plenty of room to expand and work. wanna be a rat? wanna cook for funny bone men and werewolves? this is the game",
        "timestamp_created": 1762636001,
        "timestamp_updated": 1762636001,
        "voted_up": true,
        "votes_up": 0,
        "votes_funny": 0,
        "weighted_vote_score": 0.5,
        "comment_count": 0,
        "steam_purchase": true,
        "received_for_free": false,
        "written_during_early_access": false,
        "primarily_steam_deck": false
    },
    {
        "recommendationid": "208747857",
        "author": {
            "steamid": "76561198135487981",
            "num_games_owned": 238,
            "num_reviews": 23,
            "playtime_forever": 544,
            "playtime_last_two_weeks": 544,
            "playtime_at_review": 445,
            "last_played": 1762640573
        },
        "language": "english",
        "review": "super fun game, its like diner dash but make it Rémi and co-op. The dancing and arm wrestling are not my vibe but that's for sure a skill issue cause my brain cannot remember where my keys are for some reason lol.\r\nFor sure would recommend for a fun time!",
        "timestamp_created": 1762634624,
        "timestamp_updated": 1762634624,
        "voted_up": true,
        "votes_up": 0,
        "votes_funny": 0,
        "weighted_vote_score": 0.5,
        "comment_count": 0,
        "steam_purchase": true,
        "received_for_free": false,
        "written_during_early_access": false,
        "primarily_steam_deck": false
    },
    {
        "recommendationid": "208747718",
        "author": {
            "steamid": "76561198043271183",
            "num_games_owned": 423,
            "num_reviews": 2,
            "playtime_forever": 207,
            "playtime_last_two_weeks": 207,
            "playtime_at_review": 207,
            "last_played": 1762581641
        },
        "language": "english",
        "review": "G̵̛̝̤̲̗̅̄̃̔̆̐̿́̎͗͑̌̍̓͌̐̿̈͋̾̆̓͘̕o̸̡̪̪͇̓̍̀̏̈͊̄̒̽̒̈́̏̈͗͂̑̕͝ͅơ̵̘̣̗̮̯̍̿̅̑̿̔̀̅̽̕̚͝͠͝d̷̡̡̧̹͚̬̲̻̻͉̜͈͇̦̟͉̫̖̝͔̗̗͈̗̬̰͉̈́́͐̆̓̒̈́̏͗̇̑͋̉͌͛̈̋̍̈̈́́͌͗͛̽̌͌͝ͅ ̸̡̢̨̨̢͉͍̱̝͖͎̜̗̠̗̝̣̝̜̜͈̲͚̮̺̯̺̫̯̲͖̆̿̆̈́̌̐̌̐͛̅͑̓̂̈́̿̀̾̄͌̍͘̕̕͜͜͝͝ģ̴̾̐̅́͒͐̈́̅̅͑̀̋̀̈́͊̑͊̓̈́̑̍͐̉͘͝͠͠a̴̡̨̹̦̞͚̠̱̭͍̝̼͍͚͍̣̻̖͒̄͑͑̊̈̇̎͂̈̄̓͌͐̍̕̕͘͜͝m̴̢̢̢̝̪̼̥̰͕̯̖͉͇̠̩̘̪͙̯̤͕̲̝̬̥̯̺̝͎̪̲͔̺͆̾̋̌̋̏̄̇̌̉͋̋͒͜͠͠e̴̡̨̛̝̥̲͚͖̦͔̺̙̟̖̦͉̪̗͖̤̜͔̱̖̼͎̙̠̞͖͆̌́̆̔̀̑̀͊͌̈́̀̏̾̀̓̔̉̑̌̕͜.̷̯͇͐̑̔͋̒̾̅̃͆̚",
        "timestamp_created": 1762634508,
        "timestamp_updated": 1762634508,
        "voted_up": true,
        "votes_up": 0,
        "votes_funny": 0,
        "weighted_vote_score": 0.5,
        "comment_count": 0,
        "steam_purchase": true,
        "received_for_free": false,
        "written_during_early_access": false,
        "primarily_steam_deck": false
    },
    {
        "recommendationid": "208746737",
        "author": {
            "steamid": "76561198177871491",
            "num_games_owned": 128,
            "num_reviews": 3,
            "playtime_forever": 190,
            "playtime_last_two_weeks": 190,
            "playtime_at_review": 131,
            "last_played": 1762646366
        },
        "language": "english",
        "review": "To be honest i don't write that much reviews on steam games but i wanna do it for the devs.\n\nThis game is really fun and chill, i played the demo with my girlfriend and a friend and we loved it !\nAt first the trailer didn't make me wanna play that much but trust me this game is really cool and kinda unique, it has great gameplay, good mechanics, customisation (all the restaurant and rats), a lot of good idea and a LOT of fun when you play with your friend.\nI can't wait for the game to have updates and DLCs even if the game already has a nice and solid foundation and feels quite complete even though it just came out.\nThe devs seem really passionate about their game and genuinely listen to the community — they even released a solid patch less than 24 hours after launch!\n\nGive it a try ! <3",
        "timestamp_created": 1762633726,
        "timestamp_updated": 1762633726,
        "voted_up": true,
        "votes_up": 0,
        "votes_funny": 0,
        "weighted_vote_score": 0.5,
        "comment_count": 0,
        "steam_purchase": true,
        "received_for_free": false,
        "written_during_early_access": false,
        "primarily_steam_deck": false,
        "timestamp_dev_responded": 1762640880,
        "developer_response": "Thank you so much!"
    },
    {
        "recommendationid": "208746272",
        "author": {
            "steamid": "76561198823177713",
            "num_games_owned": 0,
            "num_reviews": 1,
            "playtime_forever": 178,
            "playtime_last_two_weeks": 178,
            "playtime_at_review": 129,
            "last_played": 1762646057
        },
        "language": "english",
        "review": "I've played since the demo and so far i love the game, i can't wait for all the updates :)",
        "timestamp_created": 1762633351,
        "timestamp_updated": 1762633351,
        "voted_up": true,
        "votes_up": 0,
        "votes_funny": 0,
        "weighted_vote_score": 0.5,
        "comment_count": 0,
        "steam_purchase": true,
        "received_for_free": false,
        "written_during_early_access": false,
        "primarily_steam_deck": false
    },
    {
        "recommendationid": "208740151",
        "author": {
            "steamid": "76561198333516676",
            "num_games_owned": 96,
            "num_reviews": 14,
            "playtime_forever": 735,
            "playtime_last_two_weeks": 735,
            "playtime_at_review": 461,
            "last_played": 1762647796
        },
        "language": "english",
        "review": "my friend lost all our money in gambling , we have no money to buy igredients now, great game",
        "timestamp_created": 1762628430,
        "timestamp_updated": 1762628430,
        "voted_up": true,
        "votes_up": 0,
        "votes_funny": 1,
        "weighted_vote_score": 0.5,
        "comment_count": 0,
        "steam_purchase": true,
        "received_for_free": false,
        "written_during_early_access": false,
        "primarily_steam_deck": false
    },
    {
        "recommendationid": "208739628",
        "author": {
            "steamid": "76561198010049659",
            "num_games_owned": 0,
            "num_reviews": 7,
            "playtime_forever": 816,
            "playtime_last_two_weeks": 816,
            "playtime_at_review": 816,
            "last_played": 1762673902
        },
        "language": "english",
        "review": "Fun game, even better with friends. Addicting game play loop with enough variation and customization to keep it interesting. The Rats are also pretty cool I guess. The only thing that genuinely bothers me is having to make a new Rat for every new game. I wanna be able to make the choice myself whether I start a round from scratch with a silly billy weak :3 Ratty or start one with a roided up maxxed-out-stats Rat. Truly tragic, shaking my smh my head. \n\nAnyway, game is neat.",
        "timestamp_created": 1762628021,
        "timestamp_updated": 1762628021,
        "voted_up": true,
        "votes_up": 3,
        "votes_funny": 0,
        "weighted_vote_score": "0.564952850341796875",
        "comment_count": 2,
        "steam_purchase": true,
        "received_for_free": false,
        "written_during_early_access": false,
        "primarily_steam_deck": false
    },
    {
        "recommendationid": "208739364",
        "author": {
            "steamid": "76561198065890303",
            "num_games_owned": 528,
            "num_reviews": 39,
            "playtime_forever": 325,
            "playtime_last_two_weeks": 325,
            "playtime_at_review": 204,
            "last_played": 1762656143
        },
        "language": "english",
        "review": "Wife, teenage son and I played for over 3 hours last night and had a blast.  We decided to split the duties up between cook, hostess and waiter during the day and all contribute to prep work after shift ends.  \n\nAfter 4 days my son had become addicted to gambling and was bleeding money for the restaurant.  We had to beat him with the anti-gambler hammer multiple times.  \n\nMy wife, who started as a friendly hostess, greeting every customer by name that came in and showing them to their seat, eventually lost her mind and donned a tutu while seating customers.  \n\nMeanwhile, I equipped a cigarette, threw on a visor hat, some shades and a blue cook outfit and refused to acknowledge the restaurant by it's true name (Gusteau's). We were Waffle House. When my wife recommended a Grand Slam to a customer as she was seating them I lost my mind, because we're a fucking waffle house and not a fucking sub-par Denny's. I grabbed the closest baguette, walked out of the kitchen past the line of customers and beat her with it.  \n\nOverall it's a fantastic game, loads of unexpected depth and the voice changer is suprisingly well implemented and doesn't get anywhere near as annoying as I thought it would (but you can disable it if it does).  Definitely something we are going to be playing more this weekend and in the future weeks, at least until my son loses the restaurant to the casino, my wife drives our approval rating into the ground or I burn the place to the ground.",
        "timestamp_created": 1762627814,
        "timestamp_updated": 1762627814,
        "voted_up": true,
        "votes_up": 0,
        "votes_funny": 1,
        "weighted_vote_score": 0.5,
        "comment_count": 0,
        "steam_purchase": true,
        "received_for_free": false,
        "written_during_early_access": false,
        "primarily_steam_deck": false,
        "timestamp_dev_responded": 1762634850,
        "developer_response": "Oh man, it’s exactly for reviews like this that we make games!\n"
    },
    {
        "recommendationid": "208738094",
        "author": {
            "steamid": "76561198194233650",
            "num_games_owned": 0,
            "num_reviews": 3,
            "playtime_forever": 117,
            "playtime_last_two_weeks": 117,
            "playtime_at_review": 84,
            "last_played": 1762654860
        },
        "language": "english",
        "review": "Very cute game. A couple of glitches so far but lots of mayhem and fun",
        "timestamp_created": 1762626796,
        "timestamp_updated": 1762626796,
        "voted_up": true,
        "votes_up": 1,
        "votes_funny": 0,
        "weighted_vote_score": 0.5,
        "comment_count": 0,
        "steam_purchase": true,
        "received_for_free": false,
        "written_during_early_access": false,
        "primarily_steam_deck": false
    },
    {
        "recommendationid": "208730293",
        "author": {
            "steamid": "76561199215282748",
            "num_games_owned": 0,
            "num_reviews": 2,
            "playtime_forever": 309,
            "playtime_last_two_weeks": 309,
            "playtime_at_review": 309,
            "last_played": 1762578768
        },
        "language": "english",
        "review": "Vampire boss lookin real tasty. 10 out of 10 game.",
        "timestamp_created": 1762620659,
        "timestamp_updated": 1762620659,
        "voted_up": true,
        "votes_up": 0,
        "votes_funny": 1,
        "weighted_vote_score": 0.5,
        "comment_count": 0,
        "steam_purchase": true,
        "received_for_free": false,
        "written_during_early_access": false,
        "primarily_steam_deck": false
    },
    {
        "recommendationid": "208728331",
        "author": {
            "steamid": "76561198044113229",
            "num_games_owned": 103,
            "num_reviews": 2,
            "playtime_forever": 104,
            "playtime_last_two_weeks": 104,
            "playtime_at_review": 104,
            "last_played": 1762577906
        },
        "language": "english",
        "review": "Wont you help me run my wonderful restaurant",
        "timestamp_created": 1762619142,
        "timestamp_updated": 1762619142,
        "voted_up": true,
        "votes_up": 0,
        "votes_funny": 0,
        "weighted_vote_score": 0.5,
        "comment_count": 0,
        "steam_purchase": true,
        "received_for_free": false,
        "written_during_early_access": false,
        "primarily_steam_deck": false
    },
    {
        "recommendationid": "208726671",
        "author": {
            "steamid": "76561198093255059",
            "num_games_owned": 0,
            "num_reviews": 56,
            "playtime_forever": 252,
            "playtime_last_two_weeks": 252,
            "playtime_at_review": 97,
            "last_played": 1762638850
        },
        "language": "english",
        "review": "My wife and I like it so far. We're longtime Overcooked and Plateup junkies, and we've been needing another cooking game, badly.",
        "timestamp_created": 1762617828,
        "timestamp_updated": 1762617828,
        "voted_up": true,
        "votes_up": 0,
        "votes_funny": 0,
        "weighted_vote_score": 0.5,
        "comment_count": 0,
        "steam_purchase": true,
        "received_for_free": false,
        "written_during_early_access": false,
        "primarily_steam_deck": false
    },
    {
        "recommendationid": "208725269",
        "author": {
            "steamid": "76561199257445804",
            "num_games_owned": 67,
            "num_reviews": 1,
            "playtime_forever": 251,
            "playtime_last_two_weeks": 251,
            "playtime_at_review": 251,
            "last_played": 1762664835
        },
        "language": "english",
        "review": "The preparation stage is incredibly boring and tedious. Each dish needs to be cut and grilled one by one, and a third level dish requires a long preparation. Even if you can cut three vegetables together, upgrade them in the skill tree, or buy an automatic vegetable cutter with money, at least you have hope in life. Otherwise, there will be too little positive feedback. You can play for five minutes a day and prepare vegetables for twenty minutes. It's too boring. But overall, this game is very fun, with only a slight drawback. The AI in blackjack gambling is too invincible, I hope it can make it more random.",
        "timestamp_created": 1762616752,
        "timestamp_updated": 1762616752,
        "voted_up": true,
        "votes_up": 0,
        "votes_funny": 0,
        "weighted_vote_score": "0.476190477609634399",
        "comment_count": 0,
        "steam_purchase": true,
        "received_for_free": false,
        "written_during_early_access": false,
        "primarily_steam_deck": false
    },
    {
        "recommendationid": "208722668",
        "author": {
            "steamid": "76561199048464542",
            "num_games_owned": 0,
            "num_reviews": 30,
            "playtime_forever": 280,
            "playtime_last_two_weeks": 280,
            "playtime_at_review": 39,
            "last_played": 1762629360
        },
        "language": "english",
        "review": "A goblin ate at my table and then proceeded to leave behind a glowing ball of green slime... which I can only presume means he shit himself eating my food... I think I'm really getting the hang of being a rat chef!",
        "timestamp_created": 1762614854,
        "timestamp_updated": 1762614854,
        "voted_up": true,
        "votes_up": 0,
        "votes_funny": 1,
        "weighted_vote_score": 0.5,
        "comment_count": 0,
        "steam_purchase": true,
        "received_for_free": false,
        "written_during_early_access": false,
        "primarily_steam_deck": false
    },
    {
        "recommendationid": "208721737",
        "author": {
            "steamid": "76561198044245145",
            "num_games_owned": 0,
            "num_reviews": 28,
            "playtime_forever": 304,
            "playtime_last_two_weeks": 304,
            "playtime_at_review": 208,
            "last_played": 1762629009
        },
        "language": "english",
        "review": "The Trailer is cringe,\nthe game is 3d plateup/overcooked with 4 player coop and random events during your shift. furthermore it has a chilling narrative of a 9-5 worker who struggles with gambling addiction and loses all the restaurants money daily.",
        "timestamp_created": 1762614155,
        "timestamp_updated": 1762614155,
        "voted_up": true,
        "votes_up": 4,
        "votes_funny": 2,
        "weighted_vote_score": "0.557979345321655273",
        "comment_count": 1,
        "steam_purchase": true,
        "received_for_free": false,
        "written_during_early_access": false,
        "primarily_steam_deck": false
    },
    {
        "recommendationid": "208720679",
        "author": {
            "steamid": "76561198092120901",
            "num_games_owned": 0,
            "num_reviews": 3,
            "playtime_forever": 320,
            "playtime_last_two_weeks": 320,
            "playtime_at_review": 185,
            "last_played": 1762628207
        },
        "language": "english",
        "review": "I am a rat and im cooking some food, cooking some food, cooking some food 10/10",
        "timestamp_created": 1762613356,
        "timestamp_updated": 1762613356,
        "voted_up": true,
        "votes_up": 0,
        "votes_funny": 2,
        "weighted_vote_score": 0.5,
        "comment_count": 0,
        "steam_purchase": true,
        "received_for_free": false,
        "written_during_early_access": false,
        "primarily_steam_deck": false
    },
    {
        "recommendationid": "208716886",
        "author": {
            "steamid": "76561198371222197",
            "num_games_owned": 0,
            "num_reviews": 5,
            "playtime_forever": 233,
            "playtime_last_two_weeks": 233,
            "playtime_at_review": 233,
            "last_played": 1762609955
        },
        "language": "english",
        "review": "This is the greatest game, the best game. on a scale of 100 I rank it 99. \n\nThe one point missing is from boblin the delivery goblin. In the demo he was a great guy, the best guy. Loved that guy.\n\nHowever the friendly Boblin has been replaced by some goddamn freak ricky. Like who is this guy? whats with his face. That smile? Where did boblin go. BRING BACK BOBLIN.\n\nI dont trust Ricky, I don't trust his looks, his motives, and i sure as much dont trust his products....... I mean seriously. How can I trust a guy who sells me shelves at the price of my firstborn son to give me safe produce? I cant give my customers this. It would be in bad conscious.\n\nI demand that boblin is freed from whatever dark dungeon he has been thrust, and Ricky hung by the neck until dead.\n\n\nWould reccomend the game tho.",
        "timestamp_created": 1762610301,
        "timestamp_updated": 1762610301,
        "voted_up": true,
        "votes_up": 16,
        "votes_funny": 8,
        "weighted_vote_score": "0.69683527946472168",
        "comment_count": 0,
        "steam_purchase": true,
        "received_for_free": false,
        "written_during_early_access": false,
        "primarily_steam_deck": false
    },
    {
        "recommendationid": "208716802",
        "author": {
            "steamid": "76561198132618635",
            "num_games_owned": 0,
            "num_reviews": 1,
            "playtime_forever": 233,
            "playtime_last_two_weeks": 233,
            "playtime_at_review": 233,
            "last_played": 1762609978
        },
        "language": "english",
        "review": "Got hit with a baguette, had soup thrown at me and had imps attack the dinning room 9/10 would recommend, just wish the supplier was the same model from the open beta",
        "timestamp_created": 1762610238,
        "timestamp_updated": 1762610238,
        "voted_up": true,
        "votes_up": 0,
        "votes_funny": 0,
        "weighted_vote_score": 0.5,
        "comment_count": 0,
        "steam_purchase": true,
        "received_for_free": false,
        "written_during_early_access": false,
        "primarily_steam_deck": false
    },
    {
        "recommendationid": "208704488",
        "author": {
            "steamid": "76561198358820703",
            "num_games_owned": 169,
            "num_reviews": 15,
            "playtime_forever": 339,
            "playtime_last_two_weeks": 339,
            "playtime_at_review": 333,
            "last_played": 1762599072
        },
        "language": "english",
        "review": "so the upgrades are a lie huh..\n\nday 18 and still no upgrades, the prep takes hours, skill tree needs more depth (esp on cooking side), and still waiting for other types of customers besides the first 3. Co-op roguelike gameplay is super fun but with 5 hours in and barely any progress is kind of disappointing, its too slow for a fun friendslop game. \nI can look past all the AI slop and Unity assets, the game has good potential but it needs more depth besides the sea of skins",
        "timestamp_created": 1762598716,
        "timestamp_updated": 1762598716,
        "voted_up": false,
        "votes_up": 17,
        "votes_funny": 1,
        "weighted_vote_score": "0.6009063720703125",
        "comment_count": 2,
        "steam_purchase": true,
        "received_for_free": false,
        "written_during_early_access": false,
        "primarily_steam_deck": false,
        "timestamp_dev_responded": 1762606617,
        "developer_response": "Sorry to hear it felt too slow - we totally understand where you’re coming from. The game’s designed to unfold gradually and really comes alive in co-op, where teamwork speeds things up a lot.\nThanks for sharing your thoughts, it helps us see where to improve."
    },
    {
        "recommendationid": "208699221",
        "author": {
            "steamid": "76561199042712244",
            "num_games_owned": 97,
            "num_reviews": 8,
            "playtime_forever": 311,
            "playtime_last_two_weeks": 311,
            "playtime_at_review": 255,
            "last_played": 1762664519
        },
        "language": "english",
        "review": "Having played this game with my friends during the demo and playtest releases, I can say that it's pretty fun when you're in a lobby of 2-3 people total. Anything less than 2 people per lobby and it's really difficult, and anything with 4 people is a tad bit too easy (but still fun), with 5+ people being overkill. 2-3 players is the sweet spot.\n\nOverall, it's a really nice game to test your recipe memory, teamwork, and kitchen/dining room layouts. Prep work between shifts can pile up quicker than expected, so make sure you play around with your skill tree and get some friends to help to make it easier. The only thing I'd like to see added is a passage from the kitchen to the waiting room, even in non-singleplayer saves. Other than that, there's good fun to be had!",
        "timestamp_created": 1762593011,
        "timestamp_updated": 1762593011,
        "voted_up": true,
        "votes_up": 0,
        "votes_funny": 0,
        "weighted_vote_score": 0.5,
        "comment_count": 0,
        "steam_purchase": true,
        "received_for_free": false,
        "written_during_early_access": false,
        "primarily_steam_deck": false
    },
    {
        "recommendationid": "208698799",
        "author": {
            "steamid": "76561198049570242",
            "num_games_owned": 283,
            "num_reviews": 2,
            "playtime_forever": 124,
            "playtime_last_two_weeks": 124,
            "playtime_at_review": 124,
            "last_played": 1762592246
        },
        "language": "english",
        "review": "Having only seen an instagram reel and 42 reviews for this game I dove in and good heavens was it a treat. It's a good balance of difficult and social at the easy level so I can't imagine what the harder modes are like. Excellent value.\n",
        "timestamp_created": 1762592527,
        "timestamp_updated": 1762592527,
        "voted_up": true,
        "votes_up": 0,
        "votes_funny": 0,
        "weighted_vote_score": 0.5,
        "comment_count": 0,
        "steam_purchase": true,
        "received_for_free": false,
        "written_during_early_access": false,
        "primarily_steam_deck": false
    },
    {
        "recommendationid": "208696554",
        "author": {
            "steamid": "76561197964755247",
            "num_games_owned": 266,
            "num_reviews": 5,
            "playtime_forever": 180,
            "playtime_last_two_weeks": 180,
            "playtime_at_review": 98,
            "last_played": 1762648258
        },
        "language": "english",
        "review": "I'm having alot of fun with my son playing this game.  Thanks devs.  Good cooking game.  Can't wait to unlock more recipes",
        "timestamp_created": 1762589747,
        "timestamp_updated": 1762589747,
        "voted_up": true,
        "votes_up": 1,
        "votes_funny": 0,
        "weighted_vote_score": 0.5,
        "comment_count": 0,
        "steam_purchase": true,
        "received_for_free": false,
        "written_during_early_access": false,
        "primarily_steam_deck": false
    },
    {
        "recommendationid": "208694017",
        "author": {
            "steamid": "76561198008615789",
            "num_games_owned": 0,
            "num_reviews": 246,
            "playtime_forever": 69,
            "playtime_last_two_weeks": 69,
            "playtime_at_review": 69,
            "last_played": 1762584688
        },
        "language": "english",
        "review": "The character models are great. i wonder what unity store they were bought from. other than that? the game play is REALLY bad. i hope this is changed as time goes on, but i doubt it will be..",
        "timestamp_created": 1762586344,
        "timestamp_updated": 1762586344,
        "voted_up": false,
        "votes_up": 4,
        "votes_funny": 0,
        "weighted_vote_score": "0.321988910436630249",
        "comment_count": 1,
        "steam_purchase": true,
        "received_for_free": false,
        "written_during_early_access": false,
        "primarily_steam_deck": false,
        "timestamp_dev_responded": 1762588559,
        "developer_response": "We’re sorry to hear you didn’t enjoy the game. The character models were made by us - just like all the other assets. If you have any specific suggestions, we’d love to hear them. We’re listening to players and continuing to improve Restaurats.\n"
    },
    {
        "recommendationid": "208693579",
        "author": {
            "steamid": "76561198258662609",
            "num_games_owned": 98,
            "num_reviews": 3,
            "playtime_forever": 379,
            "playtime_last_two_weeks": 379,
            "playtime_at_review": 173,
            "last_played": 1762672865
        },
        "language": "english",
        "review": "Went in with fairly low expectations with a few friends because we wanted a fun, quick multiplayer game to play. This game delivered fun FAR beyond what ANY of us expected. This is going to be a FANTASTIC game if the roadmap delivers what it foreshadows. The current gameplay? Chaotic, addictive, and rat infested. 11/10.",
        "timestamp_created": 1762585774,
        "timestamp_updated": 1762585774,
        "voted_up": true,
        "votes_up": 15,
        "votes_funny": 1,
        "weighted_vote_score": "0.667565345764160156",
        "comment_count": 0,
        "steam_purchase": true,
        "received_for_free": false,
        "written_during_early_access": false,
        "primarily_steam_deck": false
    },
    {
        "recommendationid": "208693476",
        "author": {
            "steamid": "76561198236706066",
            "num_games_owned": 0,
            "num_reviews": 8,
            "playtime_forever": 377,
            "playtime_last_two_weeks": 377,
            "playtime_at_review": 170,
            "last_played": 1762672905
        },
        "language": "english",
        "review": "Started super chill, vibin as a resident NewYork-er and started pumpin out mushroom pie... then my oven caught on fire and I'm 99% Sure I lost my house to blackjack.. Sharon please bring back the kids.\n\nPhenomenal accurate rat simulator. 10/10.",
        "timestamp_created": 1762585666,
        "timestamp_updated": 1762585690,
        "voted_up": true,
        "votes_up": 3,
        "votes_funny": 1,
        "weighted_vote_score": "0.535714268684387207",
        "comment_count": 0,
        "steam_purchase": true,
        "received_for_free": false,
        "written_during_early_access": false,
        "primarily_steam_deck": false
    },
    {
        "recommendationid": "208691259",
        "author": {
            "steamid": "76561198169504190",
            "num_games_owned": 301,
            "num_reviews": 4,
            "playtime_forever": 49,
            "playtime_last_two_weeks": 49,
            "playtime_at_review": 49,
            "last_played": 1762582506
        },
        "language": "english",
        "review": "I was hoping for some fun with friends, but it's one of the worst games I've played in a while. The game is slow all around. Mechanics, game tempo, everything needs to be changed.",
        "timestamp_created": 1762582649,
        "timestamp_updated": 1762582649,
        "voted_up": false,
        "votes_up": 3,
        "votes_funny": 0,
        "weighted_vote_score": "0.313700407743453979",
        "comment_count": 7,
        "steam_purchase": true,
        "received_for_free": false,
        "written_during_early_access": false,
        "primarily_steam_deck": false,
        "timestamp_dev_responded": 1762588499,
        "developer_response": "Sorry the game wasn’t to your liking. We’ve made two modes - one of them is faster-paced, so you can play at a higher tempo. Also, the longer you play, the more everything speeds up. So give the other mode a try - we hope you’ll enjoy it!\n"
    },
    {
        "recommendationid": "208688254",
        "author": {
            "steamid": "76561198355037489",
            "num_games_owned": 59,
            "num_reviews": 7,
            "playtime_forever": 301,
            "playtime_last_two_weeks": 301,
            "playtime_at_review": 301,
            "last_played": 1762578689
        },
        "language": "english",
        "review": "Awesome time with friends. Get to yell my ass off at the stupid ass servers while i'm cooking, gamble everything away, and maybe, just maybe, make a profit.",
        "timestamp_created": 1762578766,
        "timestamp_updated": 1762578766,
        "voted_up": true,
        "votes_up": 0,
        "votes_funny": 0,
        "weighted_vote_score": 0.5,
        "comment_count": 0,
        "steam_purchase": true,
        "received_for_free": false,
        "written_during_early_access": false,
        "primarily_steam_deck": false
    },
    {
        "recommendationid": "208688241",
        "author": {
            "steamid": "76561198107476128",
            "num_games_owned": 0,
            "num_reviews": 3,
            "playtime_forever": 96,
            "playtime_last_two_weeks": 96,
            "playtime_at_review": 96,
            "last_played": 1762545129
        },
        "language": "english",
        "review": "Its a lot of fun, and the recipes i can see getting quite complex. I played the demo and couldn't wait for it to drop.",
        "timestamp_created": 1762578756,
        "timestamp_updated": 1762578756,
        "voted_up": true,
        "votes_up": 0,
        "votes_funny": 0,
        "weighted_vote_score": 0.5,
        "comment_count": 0,
        "steam_purchase": true,
        "received_for_free": false,
        "written_during_early_access": false,
        "primarily_steam_deck": false
    },
    {
        "recommendationid": "208688053",
        "author": {
            "steamid": "76561198004669022",
            "num_games_owned": 0,
            "num_reviews": 32,
            "playtime_forever": 363,
            "playtime_last_two_weeks": 363,
            "playtime_at_review": 228,
            "last_played": 1762666217
        },
        "language": "english",
        "review": "YEETIN DISHES",
        "timestamp_created": 1762578499,
        "timestamp_updated": 1762578499,
        "voted_up": true,
        "votes_up": 0,
        "votes_funny": 0,
        "weighted_vote_score": 0.5,
        "comment_count": 0,
        "steam_purchase": true,
        "received_for_free": false,
        "written_during_early_access": false,
        "primarily_steam_deck": false
    },
    {
        "recommendationid": "208685233",
        "author": {
            "steamid": "76561198242150476",
            "num_games_owned": 104,
            "num_reviews": 7,
            "playtime_forever": 584,
            "playtime_last_two_weeks": 584,
            "playtime_at_review": 584,
            "last_played": 1762574929
        },
        "language": "english",
        "review": "game is good",
        "timestamp_created": 1762574974,
        "timestamp_updated": 1762574974,
        "voted_up": true,
        "votes_up": 0,
        "votes_funny": 0,
        "weighted_vote_score": 0.5,
        "comment_count": 0,
        "steam_purchase": true,
        "received_for_free": false,
        "written_during_early_access": false,
        "primarily_steam_deck": false
    },
    {
        "recommendationid": "208683796",
        "author": {
            "steamid": "76561198168849147",
            "num_games_owned": 0,
            "num_reviews": 3,
            "playtime_forever": 175,
            "playtime_last_two_weeks": 175,
            "playtime_at_review": 117,
            "last_played": 1762576558
        },
        "language": "english",
        "review": "what a RAT-TASTIC game i love my swampass rat",
        "timestamp_created": 1762573153,
        "timestamp_updated": 1762573153,
        "voted_up": true,
        "votes_up": 1,
        "votes_funny": 0,
        "weighted_vote_score": "0.523809552192687988",
        "comment_count": 0,
        "steam_purchase": true,
        "received_for_free": false,
        "written_during_early_access": false,
        "primarily_steam_deck": false
    },
    {
        "recommendationid": "208683472",
        "author": {
            "steamid": "76561199190332237",
            "num_games_owned": 315,
            "num_reviews": 42,
            "playtime_forever": 229,
            "playtime_last_two_weeks": 229,
            "playtime_at_review": 135,
            "last_played": 1762667117
        },
        "language": "english",
        "review": "What an amazing surprise! I went in with no expectations and ended up completely blown away The rogue-like aspect is absolutely brilliant — it adds so much fun in the replayability.  I didn’t expect much, but I got at least 666x more fun than I imagined. I’m hooked and loving every second of it! BIG FAN/10",
        "timestamp_created": 1762572745,
        "timestamp_updated": 1762572745,
        "voted_up": true,
        "votes_up": 6,
        "votes_funny": 1,
        "weighted_vote_score": "0.595807075500488281",
        "comment_count": 1,
        "steam_purchase": true,
        "received_for_free": false,
        "written_during_early_access": false,
        "primarily_steam_deck": false
    },
    {
        "recommendationid": "208672405",
        "author": {
            "steamid": "76561198050784739",
            "num_games_owned": 0,
            "num_reviews": 7,
            "playtime_forever": 392,
            "playtime_last_two_weeks": 392,
            "playtime_at_review": 7,
            "last_played": 1762657573
        },
        "language": "english",
        "review": "I had to turn off the game as soon as a rat started speaking french to me.",
        "timestamp_created": 1762559780,
        "timestamp_updated": 1762559780,
        "voted_up": true,
        "votes_up": 0,
        "votes_funny": 4,
        "weighted_vote_score": "0.474452555179595947",
        "comment_count": 0,
        "steam_purchase": true,
        "received_for_free": false,
        "written_during_early_access": false,
        "primarily_steam_deck": false
    },
    {
        "recommendationid": "208668590",
        "author": {
            "steamid": "76561198138540918",
            "num_games_owned": 1162,
            "num_reviews": 23,
            "playtime_forever": 114,
            "playtime_last_two_weeks": 114,
            "playtime_at_review": 114,
            "last_played": 1762555380
        },
        "language": "english",
        "review": "True to the name, this game has got me running around the kitchen like a rat.\n\nThe game has multiple settings for both intense and casual game play so whether you like the high stress action of games like \"Overcooked\" or the no stress game play such as \"Galaxy Burger\", this game has a home in your library. Plus your a Rat need I really say more?",
        "timestamp_created": 1762555716,
        "timestamp_updated": 1762555716,
        "voted_up": true,
        "votes_up": 6,
        "votes_funny": 0,
        "weighted_vote_score": "0.5625",
        "comment_count": 0,
        "steam_purchase": true,
        "received_for_free": false,
        "written_during_early_access": false,
        "primarily_steam_deck": false
    },
    {
        "recommendationid": "208658099",
        "author": {
            "steamid": "76561198046575199",
            "num_games_owned": 433,
            "num_reviews": 8,
            "playtime_forever": 541,
            "playtime_last_two_weeks": 541,
            "playtime_at_review": 150,
            "last_played": 1762627467
        },
        "language": "english",
        "review": "nice",
        "timestamp_created": 1762546256,
        "timestamp_updated": 1762546256,
        "voted_up": true,
        "votes_up": 0,
        "votes_funny": 0,
        "weighted_vote_score": "0.477707028388977051",
        "comment_count": 0,
        "steam_purchase": true,
        "received_for_free": false,
        "written_during_early_access": false,
        "primarily_steam_deck": false
    },
    {
        "recommendationid": "208652448",
        "author": {
            "steamid": "76561198136478818",
            "num_games_owned": 0,
            "num_reviews": 2,
            "playtime_forever": 316,
            "playtime_last_two_weeks": 316,
            "playtime_at_review": 138,
            "last_played": 1762624163
        },
        "language": "english",
        "review": "I started off running a cute little rat restaurant. Now I’m knee-deep in debt, the kitchen’s on fire, and I just lost everything at the blackjack table. Great game.",
        "timestamp_created": 1762541508,
        "timestamp_updated": 1762541508,
        "voted_up": true,
        "votes_up": 61,
        "votes_funny": 45,
        "weighted_vote_score": "0.858379483222961426",
        "comment_count": 0,
        "steam_purchase": true,
        "received_for_free": false,
        "written_during_early_access": false,
        "primarily_steam_deck": false
    },
    {
        "recommendationid": "208643842",
        "author": {
            "steamid": "76561198176287275",
            "num_games_owned": 111,
            "num_reviews": 3,
            "playtime_forever": 2391,
            "playtime_last_two_weeks": 0,
            "playtime_at_review": 2391,
            "last_played": 1754416648
        },
        "language": "english",
        "review": "Rats in funny hats!",
        "timestamp_created": 1762534377,
        "timestamp_updated": 1762534377,
        "voted_up": true,
        "votes_up": 2,
        "votes_funny": 0,
        "weighted_vote_score": 0.5,
        "comment_count": 0,
        "steam_purchase": true,
        "received_for_free": false,
        "written_during_early_access": false,
        "primarily_steam_deck": false
    },
    {
        "recommendationid": "208642967",
        "author": {
            "steamid": "76561198055028143",
            "num_games_owned": 545,
            "num_reviews": 61,
            "playtime_forever": 183,
            "playtime_last_two_weeks": 183,
            "playtime_at_review": 24,
            "last_played": 1762543200
        },
        "language": "english",
        "review": "Finally, a proper GOTY meal. Bon appétit🐀🍲",
        "timestamp_created": 1762533688,
        "timestamp_updated": 1762533688,
        "voted_up": true,
        "votes_up": 133,
        "votes_funny": 0,
        "weighted_vote_score": "0.904291033744812012",
        "comment_count": 0,
        "steam_purchase": true,
        "received_for_free": false,
        "written_during_early_access": false,
        "primarily_steam_deck": false
    },
    {
        "recommendationid": "208641682",
        "author": {
            "steamid": "76561198025942980",
            "num_games_owned": 941,
            "num_reviews": 7,
            "playtime_forever": 22,
            "playtime_last_two_weeks": 22,
            "playtime_at_review": 9,
            "last_played": 1762533581
        },
        "language": "english",
        "review": "This is the undisputed best game of all time.\nRats, rats, we're the rats.",
        "timestamp_created": 1762532585,
        "timestamp_updated": 1762532585,
        "voted_up": true,
        "votes_up": 34,
        "votes_funny": 7,
        "weighted_vote_score": "0.610589802265167236",
        "comment_count": 0,
        "steam_purchase": true,
        "received_for_free": false,
        "written_during_early_access": false,
        "primarily_steam_deck": false
    }
]